,symbol,timestamp,datetime,high,low,bid,bidVolume,ask,askVolume,vwap,open,close,last,previousClose,change,percentage,average,baseVolume,quoteVolume,info
0,XRP/USDT:USDT,1694283830431,2023-09-09T18:23:50.431Z,0.5062,0.5012,,,,,0.5035,0.5036,0.5029,0.5029,,-0.0007,-0.139,0.50325,303545527.0,152826874.1,"{'symbol': 'XRPUSDT', 'priceChange': '-0.0007', 'priceChangePercent': '-0.139', 'weightedAvgPrice': '0.5035', 'lastPrice': '0.5029', 'lastQty': '971.6', 'openPrice': '0.5036', 'highPrice': '0.5062', 'lowPrice': '0.5012', 'volume': '303545527.0', 'quoteVolume': '152826874.1000', 'openTime': '1694197380000', 'closeTime': '1694283830431', 'firstId': '1260513000', 'lastId': '1260746430', 'count': '233428'}"
1,XRP/USDT:USDT,1694283830431,2023-09-09T18:23:50.431Z,0.5062,0.5012,,,,,0.5035,0.5036,0.5029,0.5029,,-0.0007,-0.139,0.50325,303545527.0,152826874.1,"{'symbol': 'XRPUSDT', 'priceChange': '-0.0007', 'priceChangePercent': '-0.139', 'weightedAvgPrice': '0.5035', 'lastPrice': '0.5029', 'lastQty': '971.6', 'openPrice': '0.5036', 'highPrice': '0.5062', 'lowPrice': '0.5012', 'volume': '303545527.0', 'quoteVolume': '152826874.1000', 'openTime': '1694197380000', 'closeTime': '1694283830431', 'firstId': '1260513000', 'lastId': '1260746430', 'count': '233428'}"
2,XRP/USDT:USDT,1694283830431,2023-09-09T18:23:50.431Z,0.5062,0.5012,,,,,0.5035,0.5036,0.5029,0.5029,,-0.0007,-0.139,0.50325,303545527.0,152826874.1,"{'symbol': 'XRPUSDT', 'priceChange': '-0.0007', 'priceChangePercent': '-0.139', 'weightedAvgPrice': '0.5035', 'lastPrice': '0.5029', 'lastQty': '971.6', 'openPrice': '0.5036', 'highPrice': '0.5062', 'lowPrice': '0.5012', 'volume': '303545527.0', 'quoteVolume': '152826874.1000', 'openTime': '1694197380000', 'closeTime': '1694283830431', 'firstId': '1260513000', 'lastId': '1260746430', 'count': '233428'}"
3,XRP/USDT:USDT,1694283830431,2023-09-09T18:23:50.431Z,0.5062,0.5012,,,,,0.5035,0.5036,0.5029,0.5029,,-0.0007,-0.139,0.50325,303545527.0,152826874.1,"{'symbol': 'XRPUSDT', 'priceChange': '-0.0007', 'priceChangePercent': '-0.139', 'weightedAvgPrice': '0.5035', 'lastPrice': '0.5029', 'lastQty': '971.6', 'openPrice': '0.5036', 'highPrice': '0.5062', 'lowPrice': '0.5012', 'volume': '303545527.0', 'quoteVolume': '152826874.1000', 'openTime': '1694197380000', 'closeTime': '1694283830431', 'firstId': '1260513000', 'lastId': '1260746430', 'count': '233428'}"
4,XRP/USDT:USDT,1694283835462,2023-09-09T18:23:55.462Z,0.5062,0.5012,,,,,0.5035,0.5036,0.5028,0.5028,,-0.0008,-0.159,0.5032,303545538.0,152826879.63,"{'symbol': 'XRPUSDT', 'priceChange': '-0.0008', 'priceChangePercent': '-0.159', 'weightedAvgPrice': '0.5035', 'lastPrice': '0.5028', 'lastQty': '11.0', 'openPrice': '0.5036', 'highPrice': '0.5062', 'lowPrice': '0.5012', 'volume': '303545538.0', 'quoteVolume': '152826879.6300', 'openTime': '1694197380000', 'closeTime': '1694283835462', 'firstId': '1260513000', 'lastId': '1260746431', 'count': '233429'}"
5,XRP/USDT:USDT,1694283835462,2023-09-09T18:23:55.462Z,0.5062,0.5012,,,,,0.5035,0.5036,0.5028,0.5028,,-0.0008,-0.159,0.5032,303545538.0,152826879.63,"{'symbol': 'XRPUSDT', 'priceChange': '-0.0008', 'priceChangePercent': '-0.159', 'weightedAvgPrice': '0.5035', 'lastPrice': '0.5028', 'lastQty': '11.0', 'openPrice': '0.5036', 'highPrice': '0.5062', 'lowPrice': '0.5012', 'volume': '303545538.0', 'quoteVolume': '152826879.6300', 'openTime': '1694197380000', 'closeTime': '1694283835462', 'firstId': '1260513000', 'lastId': '1260746431', 'count': '233429'}"
6,XRP/USDT:USDT,1694283838276,2023-09-09T18:23:58.276Z,0.5062,0.5012,,,,,0.5035,0.5036,0.5029,0.5029,,-0.0007,-0.139,0.50325,303547048.0,152827639.01,"{'symbol': 'XRPUSDT', 'priceChange': '-0.0007', 'priceChangePercent': '-0.139', 'weightedAvgPrice': '0.5035', 'lastPrice': '0.5029', 'lastQty': '10.0', 'openPrice': '0.5036', 'highPrice': '0.5062', 'lowPrice': '0.5012', 'volume': '303547048.0', 'quoteVolume': '152827639.0100', 'openTime': '1694197380000', 'closeTime': '1694283838276', 'firstId': '1260513000', 'lastId': '1260746433', 'count': '233431'}"
7,XRP/USDT:USDT,1694283838826,2023-09-09T18:23:58.826Z,0.5062,0.5012,,,,,0.5035,0.5036,0.5028,0.5028,,-0.0008,-0.159,0.5032,303547062.1,152827646.1,"{'symbol': 'XRPUSDT', 'priceChange': '-0.0008', 'priceChangePercent': '-0.159', 'weightedAvgPrice': '0.5035', 'lastPrice': '0.5028', 'lastQty': '14.1', 'openPrice': '0.5036', 'highPrice': '0.5062', 'lowPrice': '0.5012', 'volume': '303547062.1', 'quoteVolume': '152827646.1000', 'openTime': '1694197380000', 'closeTime': '1694283838826', 'firstId': '1260513000', 'lastId': '1260746434', 'count': '233432'}"
8,XRP/USDT:USDT,1694283838826,2023-09-09T18:23:58.826Z,0.5062,0.5012,,,,,0.5035,0.5036,0.5028,0.5028,,-0.0008,-0.159,0.5032,303547062.1,152827646.1,"{'symbol': 'XRPUSDT', 'priceChange': '-0.0008', 'priceChangePercent': '-0.159', 'weightedAvgPrice': '0.5035', 'lastPrice': '0.5028', 'lastQty': '14.1', 'openPrice': '0.5036', 'highPrice': '0.5062', 'lowPrice': '0.5012', 'volume': '303547062.1', 'quoteVolume': '152827646.1000', 'openTime': '1694197380000', 'closeTime': '1694283838826', 'firstId': '1260513000', 'lastId': '1260746434', 'count': '233432'}"
9,XRP/USDT:USDT,1694283840327,2023-09-09T18:24:00.327Z,0.5062,0.5012,,,,,0.5035,0.5035,0.5029,0.5029,,-0.0006,-0.119,0.5032,303443985.9,152775742.31,"{'symbol': 'XRPUSDT', 'priceChange': '-0.0006', 'priceChangePercent': '-0.119', 'weightedAvgPrice': '0.5035', 'lastPrice': '0.5029', 'lastQty': '74.2', 'openPrice': '0.5035', 'highPrice': '0.5062', 'lowPrice': '0.5012', 'volume': '303443985.9', 'quoteVolume': '152775742.3100', 'openTime': '1694197440000', 'closeTime': '1694283840327', 'firstId': '1260513091', 'lastId': '1260746436', 'count': '233343'}"
10,XRP/USDT:USDT,1694283841227,2023-09-09T18:24:01.227Z,0.5062,0.5012,,,,,0.5035,0.5035,0.5028,0.5028,,-0.0007,-0.139,0.50315,303444018.1,152775758.5,"{'symbol': 'XRPUSDT', 'priceChange': '-0.0007', 'priceChangePercent': '-0.139', 'weightedAvgPrice': '0.5035', 'lastPrice': '0.5028', 'lastQty': '21.2', 'openPrice': '0.5035', 'highPrice': '0.5062', 'lowPrice': '0.5012', 'volume': '303444018.1', 'quoteVolume': '152775758.5000', 'openTime': '1694197440000', 'closeTime': '1694283841227', 'firstId': '1260513091', 'lastId': '1260746438', 'count': '233345'}"
11,XRP/USDT:USDT,1694283843195,2023-09-09T18:24:03.195Z,0.5062,0.5012,,,,,0.5035,0.5035,0.5028,0.5028,,-0.0007,-0.139,0.50315,303444034.6,152775766.8,"{'symbol': 'XRPUSDT', 'priceChange': '-0.0007', 'priceChangePercent': '-0.139', 'weightedAvgPrice': '0.5035', 'lastPrice': '0.5028', 'lastQty': '16.5', 'openPrice': '0.5035', 'highPrice': '0.5062', 'lowPrice': '0.5012', 'volume': '303444034.6', 'quoteVolume': '152775766.8000', 'openTime': '1694197440000', 'closeTime': '1694283843195', 'firstId': '1260513091', 'lastId': '1260746439', 'count': '233346'}"
12,XRP/USDT:USDT,1694283843195,2023-09-09T18:24:03.195Z,0.5062,0.5012,,,,,0.5035,0.5035,0.5028,0.5028,,-0.0007,-0.139,0.50315,303444034.6,152775766.8,"{'symbol': 'XRPUSDT', 'priceChange': '-0.0007', 'priceChangePercent': '-0.139', 'weightedAvgPrice': '0.5035', 'lastPrice': '0.5028', 'lastQty': '16.5', 'openPrice': '0.5035', 'highPrice': '0.5062', 'lowPrice': '0.5012', 'volume': '303444034.6', 'quoteVolume': '152775766.8000', 'openTime': '1694197440000', 'closeTime': '1694283843195', 'firstId': '1260513091', 'lastId': '1260746439', 'count': '233346'}"
13,XRP/USDT:USDT,1694283844572,2023-09-09T18:24:04.572Z,0.5062,0.5012,,,,,0.5035,0.5035,0.5029,0.5029,,-0.0006,-0.119,0.5032,303461641.2,152784621.15,"{'symbol': 'XRPUSDT', 'priceChange': '-0.0006', 'priceChangePercent': '-0.119', 'weightedAvgPrice': '0.5035', 'lastPrice': '0.5029', 'lastQty': '3472.7', 'openPrice': '0.5035', 'highPrice': '0.5062', 'lowPrice': '0.5012', 'volume': '303461641.2', 'quoteVolume': '152784621.1500', 'openTime': '1694197440000', 'closeTime': '1694283844572', 'firstId': '1260513091', 'lastId': '1260746442', 'count': '233349'}"
14,XRP/USDT:USDT,1694283846183,2023-09-09T18:24:06.183Z,0.5062,0.5012,,,,,0.5035,0.5035,0.5028,0.5028,,-0.0007,-0.139,0.50315,303466551.3,152787089.95,"{'symbol': 'XRPUSDT', 'priceChange': '-0.0007', 'priceChangePercent': '-0.139', 'weightedAvgPrice': '0.5035', 'lastPrice': '0.5028', 'lastQty': '4910.1', 'openPrice': '0.5035', 'highPrice': '0.5062', 'lowPrice': '0.5012', 'volume': '303466551.3', 'quoteVolume': '152787089.9500', 'openTime': '1694197440000', 'closeTime': '1694283846183', 'firstId': '1260513091', 'lastId': '1260746443', 'count': '233350'}"
15,XRP/USDT:USDT,1694283847129,2023-09-09T18:24:07.129Z,0.5062,0.5012,,,,,0.5035,0.5035,0.5028,0.5028,,-0.0007,-0.139,0.50315,303467401.3,152787517.33,"{'symbol': 'XRPUSDT', 'priceChange': '-0.0007', 'priceChangePercent': '-0.139', 'weightedAvgPrice': '0.5035', 'lastPrice': '0.5028', 'lastQty': '850.0', 'openPrice': '0.5035', 'highPrice': '0.5062', 'lowPrice': '0.5012', 'volume': '303467401.3', 'quoteVolume': '152787517.3300', 'openTime': '1694197440000', 'closeTime': '1694283847129', 'firstId': '1260513091', 'lastId': '1260746444', 'count': '233351'}"
16,XRP/USDT:USDT,1694283847129,2023-09-09T18:24:07.129Z,0.5062,0.5012,,,,,0.5035,0.5035,0.5028,0.5028,,-0.0007,-0.139,0.50315,303467401.3,152787517.33,"{'symbol': 'XRPUSDT', 'priceChange': '-0.0007', 'priceChangePercent': '-0.139', 'weightedAvgPrice': '0.5035', 'lastPrice': '0.5028', 'lastQty': '850.0', 'openPrice': '0.5035', 'highPrice': '0.5062', 'lowPrice': '0.5012', 'volume': '303467401.3', 'quoteVolume': '152787517.3300', 'openTime': '1694197440000', 'closeTime': '1694283847129', 'firstId': '1260513091', 'lastId': '1260746444', 'count': '233351'}"
17,XRP/USDT:USDT,1694283847129,2023-09-09T18:24:07.129Z,0.5062,0.5012,,,,,0.5035,0.5035,0.5028,0.5028,,-0.0007,-0.139,0.50315,303467401.3,152787517.33,"{'symbol': 'XRPUSDT', 'priceChange': '-0.0007', 'priceChangePercent': '-0.139', 'weightedAvgPrice': '0.5035', 'lastPrice': '0.5028', 'lastQty': '850.0', 'openPrice': '0.5035', 'highPrice': '0.5062', 'lowPrice': '0.5012', 'volume': '303467401.3', 'quoteVolume': '152787517.3300', 'openTime': '1694197440000', 'closeTime': '1694283847129', 'firstId': '1260513091', 'lastId': '1260746444', 'count': '233351'}"
18,XRP/USDT:USDT,1694283847129,2023-09-09T18:24:07.129Z,0.5062,0.5012,,,,,0.5035,0.5035,0.5028,0.5028,,-0.0007,-0.139,0.50315,303467401.3,152787517.33,"{'symbol': 'XRPUSDT', 'priceChange': '-0.0007', 'priceChangePercent': '-0.139', 'weightedAvgPrice': '0.5035', 'lastPrice': '0.5028', 'lastQty': '850.0', 'openPrice': '0.5035', 'highPrice': '0.5062', 'lowPrice': '0.5012', 'volume': '303467401.3', 'quoteVolume': '152787517.3300', 'openTime': '1694197440000', 'closeTime': '1694283847129', 'firstId': '1260513091', 'lastId': '1260746444', 'count': '233351'}"
19,XRP/USDT:USDT,1694283847129,2023-09-09T18:24:07.129Z,0.5062,0.5012,,,,,0.5035,0.5035,0.5028,0.5028,,-0.0007,-0.139,0.50315,303467401.3,152787517.33,"{'symbol': 'XRPUSDT', 'priceChange': '-0.0007', 'priceChangePercent': '-0.139', 'weightedAvgPrice': '0.5035', 'lastPrice': '0.5028', 'lastQty': '850.0', 'openPrice': '0.5035', 'highPrice': '0.5062', 'lowPrice': '0.5012', 'volume': '303467401.3', 'quoteVolume': '152787517.3300', 'openTime': '1694197440000', 'closeTime': '1694283847129', 'firstId': '1260513091', 'lastId': '1260746444', 'count': '233351'}"
20,XRP/USDT:USDT,1694283851931,2023-09-09T18:24:11.931Z,0.5062,0.5012,,,,,0.5035,0.5035,0.5029,0.5029,,-0.0006,-0.119,0.5032,303470572.9,152789112.33,"{'symbol': 'XRPUSDT', 'priceChange': '-0.0006', 'priceChangePercent': '-0.119', 'weightedAvgPrice': '0.5035', 'lastPrice': '0.5029', 'lastQty': '58.5', 'openPrice': '0.5035', 'highPrice': '0.5062', 'lowPrice': '0.5012', 'volume': '303470572.9', 'quoteVolume': '152789112.3300', 'openTime': '1694197440000', 'closeTime': '1694283851931', 'firstId': '1260513091', 'lastId': '1260746446', 'count': '233353'}"
21,XRP/USDT:USDT,1694283851931,2023-09-09T18:24:11.931Z,0.5062,0.5012,,,,,0.5035,0.5035,0.5029,0.5029,,-0.0006,-0.119,0.5032,303470572.9,152789112.33,"{'symbol': 'XRPUSDT', 'priceChange': '-0.0006', 'priceChangePercent': '-0.119', 'weightedAvgPrice': '0.5035', 'lastPrice': '0.5029', 'lastQty': '58.5', 'openPrice': '0.5035', 'highPrice': '0.5062', 'lowPrice': '0.5012', 'volume': '303470572.9', 'quoteVolume': '152789112.3300', 'openTime': '1694197440000', 'closeTime': '1694283851931', 'firstId': '1260513091', 'lastId': '1260746446', 'count': '233353'}"
22,XRP/USDT:USDT,1694283854091,2023-09-09T18:24:14.091Z,0.5062,0.5012,,,,,0.5035,0.5035,0.5029,0.5029,,-0.0006,-0.119,0.5032,303475124.5,152791401.33,"{'symbol': 'XRPUSDT', 'priceChange': '-0.0006', 'priceChangePercent': '-0.119', 'weightedAvgPrice': '0.5035', 'lastPrice': '0.5029', 'lastQty': '797.0', 'openPrice': '0.5035', 'highPrice': '0.5062', 'lowPrice': '0.5012', 'volume': '303475124.5', 'quoteVolume': '152791401.3300', 'openTime': '1694197440000', 'closeTime': '1694283854091', 'firstId': '1260513091', 'lastId': '1260746450', 'count': '233357'}"
23,XRP/USDT:USDT,1694283854091,2023-09-09T18:24:14.091Z,0.5062,0.5012,,,,,0.5035,0.5035,0.5029,0.5029,,-0.0006,-0.119,0.5032,303475124.5,152791401.33,"{'symbol': 'XRPUSDT', 'priceChange': '-0.0006', 'priceChangePercent': '-0.119', 'weightedAvgPrice': '0.5035', 'lastPrice': '0.5029', 'lastQty': '797.0', 'openPrice': '0.5035', 'highPrice': '0.5062', 'lowPrice': '0.5012', 'volume': '303475124.5', 'quoteVolume': '152791401.3300', 'openTime': '1694197440000', 'closeTime': '1694283854091', 'firstId': '1260513091', 'lastId': '1260746450', 'count': '233357'}"
24,XRP/USDT:USDT,1694283854091,2023-09-09T18:24:14.091Z,0.5062,0.5012,,,,,0.5035,0.5035,0.5029,0.5029,,-0.0006,-0.119,0.5032,303475124.5,152791401.33,"{'symbol': 'XRPUSDT', 'priceChange': '-0.0006', 'priceChangePercent': '-0.119', 'weightedAvgPrice': '0.5035', 'lastPrice': '0.5029', 'lastQty': '797.0', 'openPrice': '0.5035', 'highPrice': '0.5062', 'lowPrice': '0.5012', 'volume': '303475124.5', 'quoteVolume': '152791401.3300', 'openTime': '1694197440000', 'closeTime': '1694283854091', 'firstId': '1260513091', 'lastId': '1260746450', 'count': '233357'}"
25,XRP/USDT:USDT,1694283856471,2023-09-09T18:24:16.471Z,0.5062,0.5012,,,,,0.5035,0.5035,0.5028,0.5028,,-0.0007,-0.139,0.50315,303478932.0,152793315.74,"{'symbol': 'XRPUSDT', 'priceChange': '-0.0007', 'priceChangePercent': '-0.139', 'weightedAvgPrice': '0.5035', 'lastPrice': '0.5028', 'lastQty': '3807.5', 'openPrice': '0.5035', 'highPrice': '0.5062', 'lowPrice': '0.5012', 'volume': '303478932.0', 'quoteVolume': '152793315.7400', 'openTime': '1694197440000', 'closeTime': '1694283856471', 'firstId': '1260513091', 'lastId': '1260746451', 'count': '233358'}"
26,XRP/USDT:USDT,1694283856471,2023-09-09T18:24:16.471Z,0.5062,0.5012,,,,,0.5035,0.5035,0.5028,0.5028,,-0.0007,-0.139,0.50315,303478932.0,152793315.74,"{'symbol': 'XRPUSDT', 'priceChange': '-0.0007', 'priceChangePercent': '-0.139', 'weightedAvgPrice': '0.5035', 'lastPrice': '0.5028', 'lastQty': '3807.5', 'openPrice': '0.5035', 'highPrice': '0.5062', 'lowPrice': '0.5012', 'volume': '303478932.0', 'quoteVolume': '152793315.7400', 'openTime': '1694197440000', 'closeTime': '1694283856471', 'firstId': '1260513091', 'lastId': '1260746451', 'count': '233358'}"
27,XRP/USDT:USDT,1694283859177,2023-09-09T18:24:19.177Z,0.5062,0.5012,,,,,0.5035,0.5035,0.5028,0.5028,,-0.0007,-0.139,0.50315,303480125.3,152793915.73,"{'symbol': 'XRPUSDT', 'priceChange': '-0.0007', 'priceChangePercent': '-0.139', 'weightedAvgPrice': '0.5035', 'lastPrice': '0.5028', 'lastQty': '1193.3', 'openPrice': '0.5035', 'highPrice': '0.5062', 'lowPrice': '0.5012', 'volume': '303480125.3', 'quoteVolume': '152793915.7300', 'openTime': '1694197440000', 'closeTime': '1694283859177', 'firstId': '1260513091', 'lastId': '1260746452', 'count': '233359'}"
28,XRP/USDT:USDT,1694283859177,2023-09-09T18:24:19.177Z,0.5062,0.5012,,,,,0.5035,0.5035,0.5028,0.5028,,-0.0007,-0.139,0.50315,303480125.3,152793915.73,"{'symbol': 'XRPUSDT', 'priceChange': '-0.0007', 'priceChangePercent': '-0.139', 'weightedAvgPrice': '0.5035', 'lastPrice': '0.5028', 'lastQty': '1193.3', 'openPrice': '0.5035', 'highPrice': '0.5062', 'lowPrice': '0.5012', 'volume': '303480125.3', 'quoteVolume': '152793915.7300', 'openTime': '1694197440000', 'closeTime': '1694283859177', 'firstId': '1260513091', 'lastId': '1260746452', 'count': '233359'}"
29,XRP/USDT:USDT,1694283859177,2023-09-09T18:24:19.177Z,0.5062,0.5012,,,,,0.5035,0.5035,0.5028,0.5028,,-0.0007,-0.139,0.50315,303480125.3,152793915.73,"{'symbol': 'XRPUSDT', 'priceChange': '-0.0007', 'priceChangePercent': '-0.139', 'weightedAvgPrice': '0.5035', 'lastPrice': '0.5028', 'lastQty': '1193.3', 'openPrice': '0.5035', 'highPrice': '0.5062', 'lowPrice': '0.5012', 'volume': '303480125.3', 'quoteVolume': '152793915.7300', 'openTime': '1694197440000', 'closeTime': '1694283859177', 'firstId': '1260513091', 'lastId': '1260746452', 'count': '233359'}"
30,XRP/USDT:USDT,1694283861887,2023-09-09T18:24:21.887Z,0.5062,0.5012,,,,,0.5035,0.5035,0.5028,0.5028,,-0.0007,-0.139,0.50315,303480142.5,152793924.38,"{'symbol': 'XRPUSDT', 'priceChange': '-0.0007', 'priceChangePercent': '-0.139', 'weightedAvgPrice': '0.5035', 'lastPrice': '0.5028', 'lastQty': '17.2', 'openPrice': '0.5035', 'highPrice': '0.5062', 'lowPrice': '0.5012', 'volume': '303480142.5', 'quoteVolume': '152793924.3800', 'openTime': '1694197440000', 'closeTime': '1694283861887', 'firstId': '1260513091', 'lastId': '1260746453', 'count': '233360'}"
31,XRP/USDT:USDT,1694283861887,2023-09-09T18:24:21.887Z,0.5062,0.5012,,,,,0.5035,0.5035,0.5028,0.5028,,-0.0007,-0.139,0.50315,303480142.5,152793924.38,"{'symbol': 'XRPUSDT', 'priceChange': '-0.0007', 'priceChangePercent': '-0.139', 'weightedAvgPrice': '0.5035', 'lastPrice': '0.5028', 'lastQty': '17.2', 'openPrice': '0.5035', 'highPrice': '0.5062', 'lowPrice': '0.5012', 'volume': '303480142.5', 'quoteVolume': '152793924.3800', 'openTime': '1694197440000', 'closeTime': '1694283861887', 'firstId': '1260513091', 'lastId': '1260746453', 'count': '233360'}"
32,XRP/USDT:USDT,1694283861887,2023-09-09T18:24:21.887Z,0.5062,0.5012,,,,,0.5035,0.5035,0.5028,0.5028,,-0.0007,-0.139,0.50315,303480142.5,152793924.38,"{'symbol': 'XRPUSDT', 'priceChange': '-0.0007', 'priceChangePercent': '-0.139', 'weightedAvgPrice': '0.5035', 'lastPrice': '0.5028', 'lastQty': '17.2', 'openPrice': '0.5035', 'highPrice': '0.5062', 'lowPrice': '0.5012', 'volume': '303480142.5', 'quoteVolume': '152793924.3800', 'openTime': '1694197440000', 'closeTime': '1694283861887', 'firstId': '1260513091', 'lastId': '1260746453', 'count': '233360'}"
33,XRP/USDT:USDT,1694283864475,2023-09-09T18:24:24.475Z,0.5062,0.5012,,,,,0.5035,0.5035,0.5028,0.5028,,-0.0007,-0.139,0.50315,303482027.4,152794872.13,"{'symbol': 'XRPUSDT', 'priceChange': '-0.0007', 'priceChangePercent': '-0.139', 'weightedAvgPrice': '0.5035', 'lastPrice': '0.5028', 'lastQty': '1693.6', 'openPrice': '0.5035', 'highPrice': '0.5062', 'lowPrice': '0.5012', 'volume': '303482027.4', 'quoteVolume': '152794872.1300', 'openTime': '1694197440000', 'closeTime': '1694283864475', 'firstId': '1260513091', 'lastId': '1260746455', 'count': '233362'}"
34,XRP/USDT:USDT,1694283864475,2023-09-09T18:24:24.475Z,0.5062,0.5012,,,,,0.5035,0.5035,0.5028,0.5028,,-0.0007,-0.139,0.50315,303482027.4,152794872.13,"{'symbol': 'XRPUSDT', 'priceChange': '-0.0007', 'priceChangePercent': '-0.139', 'weightedAvgPrice': '0.5035', 'lastPrice': '0.5028', 'lastQty': '1693.6', 'openPrice': '0.5035', 'highPrice': '0.5062', 'lowPrice': '0.5012', 'volume': '303482027.4', 'quoteVolume': '152794872.1300', 'openTime': '1694197440000', 'closeTime': '1694283864475', 'firstId': '1260513091', 'lastId': '1260746455', 'count': '233362'}"
35,XRP/USDT:USDT,1694283867222,2023-09-09T18:24:27.222Z,0.5062,0.5012,,,,,0.5035,0.5035,0.5028,0.5028,,-0.0007,-0.139,0.50315,303482041.5,152794879.22,"{'symbol': 'XRPUSDT', 'priceChange': '-0.0007', 'priceChangePercent': '-0.139', 'weightedAvgPrice': '0.5035', 'lastPrice': '0.5028', 'lastQty': '14.1', 'openPrice': '0.5035', 'highPrice': '0.5062', 'lowPrice': '0.5012', 'volume': '303482041.5', 'quoteVolume': '152794879.2200', 'openTime': '1694197440000', 'closeTime': '1694283867222', 'firstId': '1260513091', 'lastId': '1260746456', 'count': '233363'}"
36,XRP/USDT:USDT,1694283867222,2023-09-09T18:24:27.222Z,0.5062,0.5012,,,,,0.5035,0.5035,0.5028,0.5028,,-0.0007,-0.139,0.50315,303482041.5,152794879.22,"{'symbol': 'XRPUSDT', 'priceChange': '-0.0007', 'priceChangePercent': '-0.139', 'weightedAvgPrice': '0.5035', 'lastPrice': '0.5028', 'lastQty': '14.1', 'openPrice': '0.5035', 'highPrice': '0.5062', 'lowPrice': '0.5012', 'volume': '303482041.5', 'quoteVolume': '152794879.2200', 'openTime': '1694197440000', 'closeTime': '1694283867222', 'firstId': '1260513091', 'lastId': '1260746456', 'count': '233363'}"
37,XRP/USDT:USDT,1694283867222,2023-09-09T18:24:27.222Z,0.5062,0.5012,,,,,0.5035,0.5035,0.5028,0.5028,,-0.0007,-0.139,0.50315,303482041.5,152794879.22,"{'symbol': 'XRPUSDT', 'priceChange': '-0.0007', 'priceChangePercent': '-0.139', 'weightedAvgPrice': '0.5035', 'lastPrice': '0.5028', 'lastQty': '14.1', 'openPrice': '0.5035', 'highPrice': '0.5062', 'lowPrice': '0.5012', 'volume': '303482041.5', 'quoteVolume': '152794879.2200', 'openTime': '1694197440000', 'closeTime': '1694283867222', 'firstId': '1260513091', 'lastId': '1260746456', 'count': '233363'}"
38,XRP/USDT:USDT,1694283870710,2023-09-09T18:24:30.710Z,0.5062,0.5012,,,,,0.5035,0.5035,0.5028,0.5028,,-0.0007,-0.139,0.50315,303482251.4,152794984.75,"{'symbol': 'XRPUSDT', 'priceChange': '-0.0007', 'priceChangePercent': '-0.139', 'weightedAvgPrice': '0.5035', 'lastPrice': '0.5028', 'lastQty': '103.1', 'openPrice': '0.5035', 'highPrice': '0.5062', 'lowPrice': '0.5012', 'volume': '303482251.4', 'quoteVolume': '152794984.7500', 'openTime': '1694197440000', 'closeTime': '1694283870710', 'firstId': '1260513091', 'lastId': '1260746458', 'count': '233365'}"
39,XRP/USDT:USDT,1694283870710,2023-09-09T18:24:30.710Z,0.5062,0.5012,,,,,0.5035,0.5035,0.5028,0.5028,,-0.0007,-0.139,0.50315,303482251.4,152794984.75,"{'symbol': 'XRPUSDT', 'priceChange': '-0.0007', 'priceChangePercent': '-0.139', 'weightedAvgPrice': '0.5035', 'lastPrice': '0.5028', 'lastQty': '103.1', 'openPrice': '0.5035', 'highPrice': '0.5062', 'lowPrice': '0.5012', 'volume': '303482251.4', 'quoteVolume': '152794984.7500', 'openTime': '1694197440000', 'closeTime': '1694283870710', 'firstId': '1260513091', 'lastId': '1260746458', 'count': '233365'}"
40,XRP/USDT:USDT,1694283870710,2023-09-09T18:24:30.710Z,0.5062,0.5012,,,,,0.5035,0.5035,0.5028,0.5028,,-0.0007,-0.139,0.50315,303482251.4,152794984.75,"{'symbol': 'XRPUSDT', 'priceChange': '-0.0007', 'priceChangePercent': '-0.139', 'weightedAvgPrice': '0.5035', 'lastPrice': '0.5028', 'lastQty': '103.1', 'openPrice': '0.5035', 'highPrice': '0.5062', 'lowPrice': '0.5012', 'volume': '303482251.4', 'quoteVolume': '152794984.7500', 'openTime': '1694197440000', 'closeTime': '1694283870710', 'firstId': '1260513091', 'lastId': '1260746458', 'count': '233365'}"
41,XRP/USDT:USDT,1694283873154,2023-09-09T18:24:33.154Z,0.5062,0.5012,,,,,0.5035,0.5035,0.5029,0.5029,,-0.0006,-0.119,0.5032,303482547.5,152795133.66,"{'symbol': 'XRPUSDT', 'priceChange': '-0.0006', 'priceChangePercent': '-0.119', 'weightedAvgPrice': '0.5035', 'lastPrice': '0.5029', 'lastQty': '296.1', 'openPrice': '0.5035', 'highPrice': '0.5062', 'lowPrice': '0.5012', 'volume': '303482547.5', 'quoteVolume': '152795133.6600', 'openTime': '1694197440000', 'closeTime': '1694283873154', 'firstId': '1260513091', 'lastId': '1260746459', 'count': '233366'}"
42,XRP/USDT:USDT,1694283874787,2023-09-09T18:24:34.787Z,0.5062,0.5012,,,,,0.5035,0.5035,0.5029,0.5029,,-0.0006,-0.119,0.5032,303484991.3,152796362.65,"{'symbol': 'XRPUSDT', 'priceChange': '-0.0006', 'priceChangePercent': '-0.119', 'weightedAvgPrice': '0.5035', 'lastPrice': '0.5029', 'lastQty': '2443.8', 'openPrice': '0.5035', 'highPrice': '0.5062', 'lowPrice': '0.5012', 'volume': '303484991.3', 'quoteVolume': '152796362.6500', 'openTime': '1694197440000', 'closeTime': '1694283874787', 'firstId': '1260513091', 'lastId': '1260746460', 'count': '233367'}"
43,XRP/USDT:USDT,1694283874787,2023-09-09T18:24:34.787Z,0.5062,0.5012,,,,,0.5035,0.5035,0.5029,0.5029,,-0.0006,-0.119,0.5032,303484991.3,152796362.65,"{'symbol': 'XRPUSDT', 'priceChange': '-0.0006', 'priceChangePercent': '-0.119', 'weightedAvgPrice': '0.5035', 'lastPrice': '0.5029', 'lastQty': '2443.8', 'openPrice': '0.5035', 'highPrice': '0.5062', 'lowPrice': '0.5012', 'volume': '303484991.3', 'quoteVolume': '152796362.6500', 'openTime': '1694197440000', 'closeTime': '1694283874787', 'firstId': '1260513091', 'lastId': '1260746460', 'count': '233367'}"
44,XRP/USDT:USDT,1694283874787,2023-09-09T18:24:34.787Z,0.5062,0.5012,,,,,0.5035,0.5035,0.5029,0.5029,,-0.0006,-0.119,0.5032,303484991.3,152796362.65,"{'symbol': 'XRPUSDT', 'priceChange': '-0.0006', 'priceChangePercent': '-0.119', 'weightedAvgPrice': '0.5035', 'lastPrice': '0.5029', 'lastQty': '2443.8', 'openPrice': '0.5035', 'highPrice': '0.5062', 'lowPrice': '0.5012', 'volume': '303484991.3', 'quoteVolume': '152796362.6500', 'openTime': '1694197440000', 'closeTime': '1694283874787', 'firstId': '1260513091', 'lastId': '1260746460', 'count': '233367'}"
45,XRP/USDT:USDT,1694283874787,2023-09-09T18:24:34.787Z,0.5062,0.5012,,,,,0.5035,0.5035,0.5029,0.5029,,-0.0006,-0.119,0.5032,303484991.3,152796362.65,"{'symbol': 'XRPUSDT', 'priceChange': '-0.0006', 'priceChangePercent': '-0.119', 'weightedAvgPrice': '0.5035', 'lastPrice': '0.5029', 'lastQty': '2443.8', 'openPrice': '0.5035', 'highPrice': '0.5062', 'lowPrice': '0.5012', 'volume': '303484991.3', 'quoteVolume': '152796362.6500', 'openTime': '1694197440000', 'closeTime': '1694283874787', 'firstId': '1260513091', 'lastId': '1260746460', 'count': '233367'}"
46,XRP/USDT:USDT,1694283874787,2023-09-09T18:24:34.787Z,0.5062,0.5012,,,,,0.5035,0.5035,0.5029,0.5029,,-0.0006,-0.119,0.5032,303484991.3,152796362.65,"{'symbol': 'XRPUSDT', 'priceChange': '-0.0006', 'priceChangePercent': '-0.119', 'weightedAvgPrice': '0.5035', 'lastPrice': '0.5029', 'lastQty': '2443.8', 'openPrice': '0.5035', 'highPrice': '0.5062', 'lowPrice': '0.5012', 'volume': '303484991.3', 'quoteVolume': '152796362.6500', 'openTime': '1694197440000', 'closeTime': '1694283874787', 'firstId': '1260513091', 'lastId': '1260746460', 'count': '233367'}"
47,XRP/USDT:USDT,1694283878457,2023-09-09T18:24:38.457Z,0.5062,0.5012,,,,,0.5035,0.5035,0.5029,0.5029,,-0.0006,-0.119,0.5032,303485086.5,152796410.53,"{'symbol': 'XRPUSDT', 'priceChange': '-0.0006', 'priceChangePercent': '-0.119', 'weightedAvgPrice': '0.5035', 'lastPrice': '0.5029', 'lastQty': '95.2', 'openPrice': '0.5035', 'highPrice': '0.5062', 'lowPrice': '0.5012', 'volume': '303485086.5', 'quoteVolume': '152796410.5300', 'openTime': '1694197440000', 'closeTime': '1694283878457', 'firstId': '1260513091', 'lastId': '1260746461', 'count': '233368'}"
48,XRP/USDT:USDT,1694283879395,2023-09-09T18:24:39.395Z,0.5062,0.5012,,,,,0.5035,0.5035,0.5028,0.5028,,-0.0007,-0.139,0.50315,303485103.0,152796418.82,"{'symbol': 'XRPUSDT', 'priceChange': '-0.0007', 'priceChangePercent': '-0.139', 'weightedAvgPrice': '0.5035', 'lastPrice': '0.5028', 'lastQty': '16.5', 'openPrice': '0.5035', 'highPrice': '0.5062', 'lowPrice': '0.5012', 'volume': '303485103.0', 'quoteVolume': '152796418.8200', 'openTime': '1694197440000', 'closeTime': '1694283879395', 'firstId': '1260513091', 'lastId': '1260746462', 'count': '233369'}"
49,XRP/USDT:USDT,1694283879395,2023-09-09T18:24:39.395Z,0.5062,0.5012,,,,,0.5035,0.5035,0.5028,0.5028,,-0.0007,-0.139,0.50315,303485103.0,152796418.82,"{'symbol': 'XRPUSDT', 'priceChange': '-0.0007', 'priceChangePercent': '-0.139', 'weightedAvgPrice': '0.5035', 'lastPrice': '0.5028', 'lastQty': '16.5', 'openPrice': '0.5035', 'highPrice': '0.5062', 'lowPrice': '0.5012', 'volume': '303485103.0', 'quoteVolume': '152796418.8200', 'openTime': '1694197440000', 'closeTime': '1694283879395', 'firstId': '1260513091', 'lastId': '1260746462', 'count': '233369'}"
50,XRP/USDT:USDT,1694283879395,2023-09-09T18:24:39.395Z,0.5062,0.5012,,,,,0.5035,0.5035,0.5028,0.5028,,-0.0007,-0.139,0.50315,303485103.0,152796418.82,"{'symbol': 'XRPUSDT', 'priceChange': '-0.0007', 'priceChangePercent': '-0.139', 'weightedAvgPrice': '0.5035', 'lastPrice': '0.5028', 'lastQty': '16.5', 'openPrice': '0.5035', 'highPrice': '0.5062', 'lowPrice': '0.5012', 'volume': '303485103.0', 'quoteVolume': '152796418.8200', 'openTime': '1694197440000', 'closeTime': '1694283879395', 'firstId': '1260513091', 'lastId': '1260746462', 'count': '233369'}"
51,XRP/USDT:USDT,1694283879395,2023-09-09T18:24:39.395Z,0.5062,0.5012,,,,,0.5035,0.5035,0.5028,0.5028,,-0.0007,-0.139,0.50315,303485103.0,152796418.82,"{'symbol': 'XRPUSDT', 'priceChange': '-0.0007', 'priceChangePercent': '-0.139', 'weightedAvgPrice': '0.5035', 'lastPrice': '0.5028', 'lastQty': '16.5', 'openPrice': '0.5035', 'highPrice': '0.5062', 'lowPrice': '0.5012', 'volume': '303485103.0', 'quoteVolume': '152796418.8200', 'openTime': '1694197440000', 'closeTime': '1694283879395', 'firstId': '1260513091', 'lastId': '1260746462', 'count': '233369'}"
52,XRP/USDT:USDT,1694283884284,2023-09-09T18:24:44.284Z,0.5062,0.5012,,,,,0.5035,0.5035,0.5029,0.5029,,-0.0006,-0.119,0.5032,303485610.1,152796673.84,"{'symbol': 'XRPUSDT', 'priceChange': '-0.0006', 'priceChangePercent': '-0.119', 'weightedAvgPrice': '0.5035', 'lastPrice': '0.5029', 'lastQty': '195.3', 'openPrice': '0.5035', 'highPrice': '0.5062', 'lowPrice': '0.5012', 'volume': '303485610.1', 'quoteVolume': '152796673.8400', 'openTime': '1694197440000', 'closeTime': '1694283884284', 'firstId': '1260513091', 'lastId': '1260746465', 'count': '233372'}"
53,XRP/USDT:USDT,1694283884284,2023-09-09T18:24:44.284Z,0.5062,0.5012,,,,,0.5035,0.5035,0.5029,0.5029,,-0.0006,-0.119,0.5032,303485610.1,152796673.84,"{'symbol': 'XRPUSDT', 'priceChange': '-0.0006', 'priceChangePercent': '-0.119', 'weightedAvgPrice': '0.5035', 'lastPrice': '0.5029', 'lastQty': '195.3', 'openPrice': '0.5035', 'highPrice': '0.5062', 'lowPrice': '0.5012', 'volume': '303485610.1', 'quoteVolume': '152796673.8400', 'openTime': '1694197440000', 'closeTime': '1694283884284', 'firstId': '1260513091', 'lastId': '1260746465', 'count': '233372'}"
54,XRP/USDT:USDT,1694283884284,2023-09-09T18:24:44.284Z,0.5062,0.5012,,,,,0.5035,0.5035,0.5029,0.5029,,-0.0006,-0.119,0.5032,303485610.1,152796673.84,"{'symbol': 'XRPUSDT', 'priceChange': '-0.0006', 'priceChangePercent': '-0.119', 'weightedAvgPrice': '0.5035', 'lastPrice': '0.5029', 'lastQty': '195.3', 'openPrice': '0.5035', 'highPrice': '0.5062', 'lowPrice': '0.5012', 'volume': '303485610.1', 'quoteVolume': '152796673.8400', 'openTime': '1694197440000', 'closeTime': '1694283884284', 'firstId': '1260513091', 'lastId': '1260746465', 'count': '233372'}"
55,XRP/USDT:USDT,1694283886802,2023-09-09T18:24:46.802Z,0.5062,0.5012,,,,,0.5035,0.5035,0.5029,0.5029,,-0.0006,-0.119,0.5032,303486816.2,152797280.39,"{'symbol': 'XRPUSDT', 'priceChange': '-0.0006', 'priceChangePercent': '-0.119', 'weightedAvgPrice': '0.5035', 'lastPrice': '0.5029', 'lastQty': '1206.1', 'openPrice': '0.5035', 'highPrice': '0.5062', 'lowPrice': '0.5012', 'volume': '303486816.2', 'quoteVolume': '152797280.3900', 'openTime': '1694197440000', 'closeTime': '1694283886802', 'firstId': '1260513091', 'lastId': '1260746466', 'count': '233373'}"
56,XRP/USDT:USDT,1694283886802,2023-09-09T18:24:46.802Z,0.5062,0.5012,,,,,0.5035,0.5035,0.5029,0.5029,,-0.0006,-0.119,0.5032,303486816.2,152797280.39,"{'symbol': 'XRPUSDT', 'priceChange': '-0.0006', 'priceChangePercent': '-0.119', 'weightedAvgPrice': '0.5035', 'lastPrice': '0.5029', 'lastQty': '1206.1', 'openPrice': '0.5035', 'highPrice': '0.5062', 'lowPrice': '0.5012', 'volume': '303486816.2', 'quoteVolume': '152797280.3900', 'openTime': '1694197440000', 'closeTime': '1694283886802', 'firstId': '1260513091', 'lastId': '1260746466', 'count': '233373'}"
57,XRP/USDT:USDT,1694283888893,2023-09-09T18:24:48.893Z,0.5062,0.5012,,,,,0.5035,0.5035,0.5028,0.5028,,-0.0007,-0.139,0.50315,303486816.7,152797280.64,"{'symbol': 'XRPUSDT', 'priceChange': '-0.0007', 'priceChangePercent': '-0.139', 'weightedAvgPrice': '0.5035', 'lastPrice': '0.5028', 'lastQty': '0.5', 'openPrice': '0.5035', 'highPrice': '0.5062', 'lowPrice': '0.5012', 'volume': '303486816.7', 'quoteVolume': '152797280.6400', 'openTime': '1694197440000', 'closeTime': '1694283888893', 'firstId': '1260513091', 'lastId': '1260746467', 'count': '233374'}"
58,XRP/USDT:USDT,1694283890361,2023-09-09T18:24:50.361Z,0.5062,0.5012,,,,,0.5035,0.5035,0.5028,0.5028,,-0.0007,-0.139,0.50315,303486830.7,152797287.68,"{'symbol': 'XRPUSDT', 'priceChange': '-0.0007', 'priceChangePercent': '-0.139', 'weightedAvgPrice': '0.5035', 'lastPrice': '0.5028', 'lastQty': '14.0', 'openPrice': '0.5035', 'highPrice': '0.5062', 'lowPrice': '0.5012', 'volume': '303486830.7', 'quoteVolume': '152797287.6800', 'openTime': '1694197440000', 'closeTime': '1694283890361', 'firstId': '1260513091', 'lastId': '1260746468', 'count': '233375'}"
59,XRP/USDT:USDT,1694283890361,2023-09-09T18:24:50.361Z,0.5062,0.5012,,,,,0.5035,0.5035,0.5028,0.5028,,-0.0007,-0.139,0.50315,303486830.7,152797287.68,"{'symbol': 'XRPUSDT', 'priceChange': '-0.0007', 'priceChangePercent': '-0.139', 'weightedAvgPrice': '0.5035', 'lastPrice': '0.5028', 'lastQty': '14.0', 'openPrice': '0.5035', 'highPrice': '0.5062', 'lowPrice': '0.5012', 'volume': '303486830.7', 'quoteVolume': '152797287.6800', 'openTime': '1694197440000', 'closeTime': '1694283890361', 'firstId': '1260513091', 'lastId': '1260746468', 'count': '233375'}"
60,XRP/USDT:USDT,1694283892284,2023-09-09T18:24:52.284Z,0.5062,0.5012,,,,,0.5035,0.5035,0.5028,0.5028,,-0.0007,-0.139,0.50315,303486833.8,152797289.24,"{'symbol': 'XRPUSDT', 'priceChange': '-0.0007', 'priceChangePercent': '-0.139', 'weightedAvgPrice': '0.5035', 'lastPrice': '0.5028', 'lastQty': '3.1', 'openPrice': '0.5035', 'highPrice': '0.5062', 'lowPrice': '0.5012', 'volume': '303486833.8', 'quoteVolume': '152797289.2400', 'openTime': '1694197440000', 'closeTime': '1694283892284', 'firstId': '1260513091', 'lastId': '1260746469', 'count': '233376'}"
61,XRP/USDT:USDT,1694283892656,2023-09-09T18:24:52.656Z,0.5062,0.5012,,,,,0.5035,0.5035,0.5028,0.5028,,-0.0007,-0.139,0.50315,303486861.9,152797303.37,"{'symbol': 'XRPUSDT', 'priceChange': '-0.0007', 'priceChangePercent': '-0.139', 'weightedAvgPrice': '0.5035', 'lastPrice': '0.5028', 'lastQty': '28.1', 'openPrice': '0.5035', 'highPrice': '0.5062', 'lowPrice': '0.5012', 'volume': '303486861.9', 'quoteVolume': '152797303.3700', 'openTime': '1694197440000', 'closeTime': '1694283892656', 'firstId': '1260513091', 'lastId': '1260746470', 'count': '233377'}"
62,XRP/USDT:USDT,1694283892656,2023-09-09T18:24:52.656Z,0.5062,0.5012,,,,,0.5035,0.5035,0.5028,0.5028,,-0.0007,-0.139,0.50315,303486861.9,152797303.37,"{'symbol': 'XRPUSDT', 'priceChange': '-0.0007', 'priceChangePercent': '-0.139', 'weightedAvgPrice': '0.5035', 'lastPrice': '0.5028', 'lastQty': '28.1', 'openPrice': '0.5035', 'highPrice': '0.5062', 'lowPrice': '0.5012', 'volume': '303486861.9', 'quoteVolume': '152797303.3700', 'openTime': '1694197440000', 'closeTime': '1694283892656', 'firstId': '1260513091', 'lastId': '1260746470', 'count': '233377'}"
63,XRP/USDT:USDT,1694283895514,2023-09-09T18:24:55.514Z,0.5062,0.5012,,,,,0.5035,0.5035,0.5028,0.5028,,-0.0007,-0.139,0.50315,303488872.4,152798314.25,"{'symbol': 'XRPUSDT', 'priceChange': '-0.0007', 'priceChangePercent': '-0.139', 'weightedAvgPrice': '0.5035', 'lastPrice': '0.5028', 'lastQty': '2010.5', 'openPrice': '0.5035', 'highPrice': '0.5062', 'lowPrice': '0.5012', 'volume': '303488872.4', 'quoteVolume': '152798314.2500', 'openTime': '1694197440000', 'closeTime': '1694283895514', 'firstId': '1260513091', 'lastId': '1260746471', 'count': '233378'}"
64,XRP/USDT:USDT,1694283895514,2023-09-09T18:24:55.514Z,0.5062,0.5012,,,,,0.5035,0.5035,0.5028,0.5028,,-0.0007,-0.139,0.50315,303488872.4,152798314.25,"{'symbol': 'XRPUSDT', 'priceChange': '-0.0007', 'priceChangePercent': '-0.139', 'weightedAvgPrice': '0.5035', 'lastPrice': '0.5028', 'lastQty': '2010.5', 'openPrice': '0.5035', 'highPrice': '0.5062', 'lowPrice': '0.5012', 'volume': '303488872.4', 'quoteVolume': '152798314.2500', 'openTime': '1694197440000', 'closeTime': '1694283895514', 'firstId': '1260513091', 'lastId': '1260746471', 'count': '233378'}"
65,XRP/USDT:USDT,1694283895514,2023-09-09T18:24:55.514Z,0.5062,0.5012,,,,,0.5035,0.5035,0.5028,0.5028,,-0.0007,-0.139,0.50315,303488872.4,152798314.25,"{'symbol': 'XRPUSDT', 'priceChange': '-0.0007', 'priceChangePercent': '-0.139', 'weightedAvgPrice': '0.5035', 'lastPrice': '0.5028', 'lastQty': '2010.5', 'openPrice': '0.5035', 'highPrice': '0.5062', 'lowPrice': '0.5012', 'volume': '303488872.4', 'quoteVolume': '152798314.2500', 'openTime': '1694197440000', 'closeTime': '1694283895514', 'firstId': '1260513091', 'lastId': '1260746471', 'count': '233378'}"
66,XRP/USDT:USDT,1694283898399,2023-09-09T18:24:58.399Z,0.5062,0.5012,,,,,0.5035,0.5035,0.5028,0.5028,,-0.0007,-0.139,0.50315,303488889.6,152798322.9,"{'symbol': 'XRPUSDT', 'priceChange': '-0.0007', 'priceChangePercent': '-0.139', 'weightedAvgPrice': '0.5035', 'lastPrice': '0.5028', 'lastQty': '17.2', 'openPrice': '0.5035', 'highPrice': '0.5062', 'lowPrice': '0.5012', 'volume': '303488889.6', 'quoteVolume': '152798322.9000', 'openTime': '1694197440000', 'closeTime': '1694283898399', 'firstId': '1260513091', 'lastId': '1260746472', 'count': '233379'}"
67,XRP/USDT:USDT,1694283898399,2023-09-09T18:24:58.399Z,0.5062,0.5012,,,,,0.5035,0.5035,0.5028,0.5028,,-0.0007,-0.139,0.50315,303488889.6,152798322.9,"{'symbol': 'XRPUSDT', 'priceChange': '-0.0007', 'priceChangePercent': '-0.139', 'weightedAvgPrice': '0.5035', 'lastPrice': '0.5028', 'lastQty': '17.2', 'openPrice': '0.5035', 'highPrice': '0.5062', 'lowPrice': '0.5012', 'volume': '303488889.6', 'quoteVolume': '152798322.9000', 'openTime': '1694197440000', 'closeTime': '1694283898399', 'firstId': '1260513091', 'lastId': '1260746472', 'count': '233379'}"
68,XRP/USDT:USDT,1694283898399,2023-09-09T18:24:58.399Z,0.5062,0.5012,,,,,0.5035,0.5035,0.5028,0.5028,,-0.0007,-0.139,0.50315,303488889.6,152798322.9,"{'symbol': 'XRPUSDT', 'priceChange': '-0.0007', 'priceChangePercent': '-0.139', 'weightedAvgPrice': '0.5035', 'lastPrice': '0.5028', 'lastQty': '17.2', 'openPrice': '0.5035', 'highPrice': '0.5062', 'lowPrice': '0.5012', 'volume': '303488889.6', 'quoteVolume': '152798322.9000', 'openTime': '1694197440000', 'closeTime': '1694283898399', 'firstId': '1260513091', 'lastId': '1260746472', 'count': '233379'}"
69,XRP/USDT:USDT,1694283900863,2023-09-09T18:25:00.863Z,0.5062,0.5012,,,,,0.5035,0.5035,0.5029,0.5029,,-0.0006,-0.119,0.5032,303412965.6,152760091.6,"{'symbol': 'XRPUSDT', 'priceChange': '-0.0006', 'priceChangePercent': '-0.119', 'weightedAvgPrice': '0.5035', 'lastPrice': '0.5029', 'lastQty': '289.2', 'openPrice': '0.5035', 'highPrice': '0.5062', 'lowPrice': '0.5012', 'volume': '303412965.6', 'quoteVolume': '152760091.6000', 'openTime': '1694197500000', 'closeTime': '1694283900863', 'firstId': '1260513202', 'lastId': '1260746473', 'count': '233269'}"
70,XRP/USDT:USDT,1694283902184,2023-09-09T18:25:02.184Z,0.5062,0.5012,,,,,0.5035,0.5035,0.5029,0.5029,,-0.0006,-0.119,0.5032,303417130.7,152762185.81,"{'symbol': 'XRPUSDT', 'priceChange': '-0.0006', 'priceChangePercent': '-0.119', 'weightedAvgPrice': '0.5035', 'lastPrice': '0.5029', 'lastQty': '10.5', 'openPrice': '0.5035', 'highPrice': '0.5062', 'lowPrice': '0.5012', 'volume': '303417130.7', 'quoteVolume': '152762185.8100', 'openTime': '1694197500000', 'closeTime': '1694283902184', 'firstId': '1260513202', 'lastId': '1260746479', 'count': '233275'}"
71,XRP/USDT:USDT,1694283902184,2023-09-09T18:25:02.184Z,0.5062,0.5012,,,,,0.5035,0.5035,0.5029,0.5029,,-0.0006,-0.119,0.5032,303417130.7,152762185.81,"{'symbol': 'XRPUSDT', 'priceChange': '-0.0006', 'priceChangePercent': '-0.119', 'weightedAvgPrice': '0.5035', 'lastPrice': '0.5029', 'lastQty': '10.5', 'openPrice': '0.5035', 'highPrice': '0.5062', 'lowPrice': '0.5012', 'volume': '303417130.7', 'quoteVolume': '152762185.8100', 'openTime': '1694197500000', 'closeTime': '1694283902184', 'firstId': '1260513202', 'lastId': '1260746479', 'count': '233275'}"
72,XRP/USDT:USDT,1694283903726,2023-09-09T18:25:03.726Z,0.5062,0.5012,,,,,0.5035,0.5035,0.5029,0.5029,,-0.0006,-0.119,0.5032,303417162.6,152762201.85,"{'symbol': 'XRPUSDT', 'priceChange': '-0.0006', 'priceChangePercent': '-0.119', 'weightedAvgPrice': '0.5035', 'lastPrice': '0.5029', 'lastQty': '10.4', 'openPrice': '0.5035', 'highPrice': '0.5062', 'lowPrice': '0.5012', 'volume': '303417162.6', 'quoteVolume': '152762201.8500', 'openTime': '1694197500000', 'closeTime': '1694283903726', 'firstId': '1260513202', 'lastId': '1260746482', 'count': '233278'}"
73,XRP/USDT:USDT,1694283903726,2023-09-09T18:25:03.726Z,0.5062,0.5012,,,,,0.5035,0.5035,0.5029,0.5029,,-0.0006,-0.119,0.5032,303417162.6,152762201.85,"{'symbol': 'XRPUSDT', 'priceChange': '-0.0006', 'priceChangePercent': '-0.119', 'weightedAvgPrice': '0.5035', 'lastPrice': '0.5029', 'lastQty': '10.4', 'openPrice': '0.5035', 'highPrice': '0.5062', 'lowPrice': '0.5012', 'volume': '303417162.6', 'quoteVolume': '152762201.8500', 'openTime': '1694197500000', 'closeTime': '1694283903726', 'firstId': '1260513202', 'lastId': '1260746482', 'count': '233278'}"
74,XRP/USDT:USDT,1694283906186,2023-09-09T18:25:06.186Z,0.5062,0.5012,,,,,0.5035,0.5035,0.5029,0.5029,,-0.0006,-0.119,0.5032,303417259.9,152762250.79,"{'symbol': 'XRPUSDT', 'priceChange': '-0.0006', 'priceChangePercent': '-0.119', 'weightedAvgPrice': '0.5035', 'lastPrice': '0.5029', 'lastQty': '92.9', 'openPrice': '0.5035', 'highPrice': '0.5062', 'lowPrice': '0.5012', 'volume': '303417259.9', 'quoteVolume': '152762250.7900', 'openTime': '1694197500000', 'closeTime': '1694283906186', 'firstId': '1260513202', 'lastId': '1260746484', 'count': '233280'}"
75,XRP/USDT:USDT,1694283906626,2023-09-09T18:25:06.626Z,0.5062,0.5012,,,,,0.5035,0.5035,0.5029,0.5029,,-0.0006,-0.119,0.5032,303417270.5,152762256.12,"{'symbol': 'XRPUSDT', 'priceChange': '-0.0006', 'priceChangePercent': '-0.119', 'weightedAvgPrice': '0.5035', 'lastPrice': '0.5029', 'lastQty': '10.6', 'openPrice': '0.5035', 'highPrice': '0.5062', 'lowPrice': '0.5012', 'volume': '303417270.5', 'quoteVolume': '152762256.1200', 'openTime': '1694197500000', 'closeTime': '1694283906626', 'firstId': '1260513202', 'lastId': '1260746485', 'count': '233281'}"
76,XRP/USDT:USDT,1694283906626,2023-09-09T18:25:06.626Z,0.5062,0.5012,,,,,0.5035,0.5035,0.5029,0.5029,,-0.0006,-0.119,0.5032,303417270.5,152762256.12,"{'symbol': 'XRPUSDT', 'priceChange': '-0.0006', 'priceChangePercent': '-0.119', 'weightedAvgPrice': '0.5035', 'lastPrice': '0.5029', 'lastQty': '10.6', 'openPrice': '0.5035', 'highPrice': '0.5062', 'lowPrice': '0.5012', 'volume': '303417270.5', 'quoteVolume': '152762256.1200', 'openTime': '1694197500000', 'closeTime': '1694283906626', 'firstId': '1260513202', 'lastId': '1260746485', 'count': '233281'}"
77,XRP/USDT:USDT,1694283908475,2023-09-09T18:25:08.475Z,0.5062,0.5012,,,,,0.5035,0.5035,0.5028,0.5028,,-0.0007,-0.139,0.50315,303417290.4,152762266.12,"{'symbol': 'XRPUSDT', 'priceChange': '-0.0007', 'priceChangePercent': '-0.139', 'weightedAvgPrice': '0.5035', 'lastPrice': '0.5028', 'lastQty': '19.9', 'openPrice': '0.5035', 'highPrice': '0.5062', 'lowPrice': '0.5012', 'volume': '303417290.4', 'quoteVolume': '152762266.1200', 'openTime': '1694197500000', 'closeTime': '1694283908475', 'firstId': '1260513202', 'lastId': '1260746486', 'count': '233282'}"
78,XRP/USDT:USDT,1694283908475,2023-09-09T18:25:08.475Z,0.5062,0.5012,,,,,0.5035,0.5035,0.5028,0.5028,,-0.0007,-0.139,0.50315,303417290.4,152762266.12,"{'symbol': 'XRPUSDT', 'priceChange': '-0.0007', 'priceChangePercent': '-0.139', 'weightedAvgPrice': '0.5035', 'lastPrice': '0.5028', 'lastQty': '19.9', 'openPrice': '0.5035', 'highPrice': '0.5062', 'lowPrice': '0.5012', 'volume': '303417290.4', 'quoteVolume': '152762266.1200', 'openTime': '1694197500000', 'closeTime': '1694283908475', 'firstId': '1260513202', 'lastId': '1260746486', 'count': '233282'}"
79,XRP/USDT:USDT,1694283908475,2023-09-09T18:25:08.475Z,0.5062,0.5012,,,,,0.5035,0.5035,0.5028,0.5028,,-0.0007,-0.139,0.50315,303417290.4,152762266.12,"{'symbol': 'XRPUSDT', 'priceChange': '-0.0007', 'priceChangePercent': '-0.139', 'weightedAvgPrice': '0.5035', 'lastPrice': '0.5028', 'lastQty': '19.9', 'openPrice': '0.5035', 'highPrice': '0.5062', 'lowPrice': '0.5012', 'volume': '303417290.4', 'quoteVolume': '152762266.1200', 'openTime': '1694197500000', 'closeTime': '1694283908475', 'firstId': '1260513202', 'lastId': '1260746486', 'count': '233282'}"
80,XRP/USDT:USDT,1694283908475,2023-09-09T18:25:08.475Z,0.5062,0.5012,,,,,0.5035,0.5035,0.5028,0.5028,,-0.0007,-0.139,0.50315,303417290.4,152762266.12,"{'symbol': 'XRPUSDT', 'priceChange': '-0.0007', 'priceChangePercent': '-0.139', 'weightedAvgPrice': '0.5035', 'lastPrice': '0.5028', 'lastQty': '19.9', 'openPrice': '0.5035', 'highPrice': '0.5062', 'lowPrice': '0.5012', 'volume': '303417290.4', 'quoteVolume': '152762266.1200', 'openTime': '1694197500000', 'closeTime': '1694283908475', 'firstId': '1260513202', 'lastId': '1260746486', 'count': '233282'}"
81,XRP/USDT:USDT,1694283908475,2023-09-09T18:25:08.475Z,0.5062,0.5012,,,,,0.5035,0.5035,0.5028,0.5028,,-0.0007,-0.139,0.50315,303417290.4,152762266.12,"{'symbol': 'XRPUSDT', 'priceChange': '-0.0007', 'priceChangePercent': '-0.139', 'weightedAvgPrice': '0.5035', 'lastPrice': '0.5028', 'lastQty': '19.9', 'openPrice': '0.5035', 'highPrice': '0.5062', 'lowPrice': '0.5012', 'volume': '303417290.4', 'quoteVolume': '152762266.1200', 'openTime': '1694197500000', 'closeTime': '1694283908475', 'firstId': '1260513202', 'lastId': '1260746486', 'count': '233282'}"
82,XRP/USDT:USDT,1694283913719,2023-09-09T18:25:13.719Z,0.5062,0.5012,,,,,0.5035,0.5035,0.5028,0.5028,,-0.0007,-0.139,0.50315,303417404.4,152762323.44,"{'symbol': 'XRPUSDT', 'priceChange': '-0.0007', 'priceChangePercent': '-0.139', 'weightedAvgPrice': '0.5035', 'lastPrice': '0.5028', 'lastQty': '114.0', 'openPrice': '0.5035', 'highPrice': '0.5062', 'lowPrice': '0.5012', 'volume': '303417404.4', 'quoteVolume': '152762323.4400', 'openTime': '1694197500000', 'closeTime': '1694283913719', 'firstId': '1260513202', 'lastId': '1260746487', 'count': '233283'}"
83,XRP/USDT:USDT,1694283915615,2023-09-09T18:25:15.615Z,0.5062,0.5012,,,,,0.5035,0.5035,0.5028,0.5028,,-0.0007,-0.139,0.50315,303417436.1,152762339.38,"{'symbol': 'XRPUSDT', 'priceChange': '-0.0007', 'priceChangePercent': '-0.139', 'weightedAvgPrice': '0.5035', 'lastPrice': '0.5028', 'lastQty': '17.5', 'openPrice': '0.5035', 'highPrice': '0.5062', 'lowPrice': '0.5012', 'volume': '303417436.1', 'quoteVolume': '152762339.3800', 'openTime': '1694197500000', 'closeTime': '1694283915615', 'firstId': '1260513202', 'lastId': '1260746489', 'count': '233285'}"
84,XRP/USDT:USDT,1694283916057,2023-09-09T18:25:16.057Z,0.5062,0.5012,,,,,0.5035,0.5035,0.5028,0.5028,,-0.0007,-0.139,0.50315,303421909.9,152764588.81,"{'symbol': 'XRPUSDT', 'priceChange': '-0.0007', 'priceChangePercent': '-0.139', 'weightedAvgPrice': '0.5035', 'lastPrice': '0.5028', 'lastQty': '16.7', 'openPrice': '0.5035', 'highPrice': '0.5062', 'lowPrice': '0.5012', 'volume': '303421909.9', 'quoteVolume': '152764588.8100', 'openTime': '1694197500000', 'closeTime': '1694283916057', 'firstId': '1260513202', 'lastId': '1260746493', 'count': '233289'}"
85,XRP/USDT:USDT,1694283916057,2023-09-09T18:25:16.057Z,0.5062,0.5012,,,,,0.5035,0.5035,0.5028,0.5028,,-0.0007,-0.139,0.50315,303421909.9,152764588.81,"{'symbol': 'XRPUSDT', 'priceChange': '-0.0007', 'priceChangePercent': '-0.139', 'weightedAvgPrice': '0.5035', 'lastPrice': '0.5028', 'lastQty': '16.7', 'openPrice': '0.5035', 'highPrice': '0.5062', 'lowPrice': '0.5012', 'volume': '303421909.9', 'quoteVolume': '152764588.8100', 'openTime': '1694197500000', 'closeTime': '1694283916057', 'firstId': '1260513202', 'lastId': '1260746493', 'count': '233289'}"
86,XRP/USDT:USDT,1694283918624,2023-09-09T18:25:18.624Z,0.5062,0.5012,,,,,0.5035,0.5035,0.5029,0.5029,,-0.0006,-0.119,0.5032,303421920.4,152764594.09,"{'symbol': 'XRPUSDT', 'priceChange': '-0.0006', 'priceChangePercent': '-0.119', 'weightedAvgPrice': '0.5035', 'lastPrice': '0.5029', 'lastQty': '10.5', 'openPrice': '0.5035', 'highPrice': '0.5062', 'lowPrice': '0.5012', 'volume': '303421920.4', 'quoteVolume': '152764594.0900', 'openTime': '1694197500000', 'closeTime': '1694283918624', 'firstId': '1260513202', 'lastId': '1260746494', 'count': '233290'}"
87,XRP/USDT:USDT,1694283919651,2023-09-09T18:25:19.651Z,0.5062,0.5012,,,,,0.5035,0.5035,0.5029,0.5029,,-0.0006,-0.119,0.5032,303422258.7,152764764.22,"{'symbol': 'XRPUSDT', 'priceChange': '-0.0006', 'priceChangePercent': '-0.119', 'weightedAvgPrice': '0.5035', 'lastPrice': '0.5029', 'lastQty': '10.0', 'openPrice': '0.5035', 'highPrice': '0.5062', 'lowPrice': '0.5012', 'volume': '303422258.7', 'quoteVolume': '152764764.2200', 'openTime': '1694197500000', 'closeTime': '1694283919651', 'firstId': '1260513202', 'lastId': '1260746497', 'count': '233293'}"
88,XRP/USDT:USDT,1694283919651,2023-09-09T18:25:19.651Z,0.5062,0.5012,,,,,0.5035,0.5035,0.5029,0.5029,,-0.0006,-0.119,0.5032,303422258.7,152764764.22,"{'symbol': 'XRPUSDT', 'priceChange': '-0.0006', 'priceChangePercent': '-0.119', 'weightedAvgPrice': '0.5035', 'lastPrice': '0.5029', 'lastQty': '10.0', 'openPrice': '0.5035', 'highPrice': '0.5062', 'lowPrice': '0.5012', 'volume': '303422258.7', 'quoteVolume': '152764764.2200', 'openTime': '1694197500000', 'closeTime': '1694283919651', 'firstId': '1260513202', 'lastId': '1260746497', 'count': '233293'}"
89,XRP/USDT:USDT,1694283919651,2023-09-09T18:25:19.651Z,0.5062,0.5012,,,,,0.5035,0.5035,0.5029,0.5029,,-0.0006,-0.119,0.5032,303422258.7,152764764.22,"{'symbol': 'XRPUSDT', 'priceChange': '-0.0006', 'priceChangePercent': '-0.119', 'weightedAvgPrice': '0.5035', 'lastPrice': '0.5029', 'lastQty': '10.0', 'openPrice': '0.5035', 'highPrice': '0.5062', 'lowPrice': '0.5012', 'volume': '303422258.7', 'quoteVolume': '152764764.2200', 'openTime': '1694197500000', 'closeTime': '1694283919651', 'firstId': '1260513202', 'lastId': '1260746497', 'count': '233293'}"
90,XRP/USDT:USDT,1694283919651,2023-09-09T18:25:19.651Z,0.5062,0.5012,,,,,0.5035,0.5035,0.5029,0.5029,,-0.0006,-0.119,0.5032,303422258.7,152764764.22,"{'symbol': 'XRPUSDT', 'priceChange': '-0.0006', 'priceChangePercent': '-0.119', 'weightedAvgPrice': '0.5035', 'lastPrice': '0.5029', 'lastQty': '10.0', 'openPrice': '0.5035', 'highPrice': '0.5062', 'lowPrice': '0.5012', 'volume': '303422258.7', 'quoteVolume': '152764764.2200', 'openTime': '1694197500000', 'closeTime': '1694283919651', 'firstId': '1260513202', 'lastId': '1260746497', 'count': '233293'}"
91,XRP/USDT:USDT,1694283919651,2023-09-09T18:25:19.651Z,0.5062,0.5012,,,,,0.5035,0.5035,0.5029,0.5029,,-0.0006,-0.119,0.5032,303422258.7,152764764.22,"{'symbol': 'XRPUSDT', 'priceChange': '-0.0006', 'priceChangePercent': '-0.119', 'weightedAvgPrice': '0.5035', 'lastPrice': '0.5029', 'lastQty': '10.0', 'openPrice': '0.5035', 'highPrice': '0.5062', 'lowPrice': '0.5012', 'volume': '303422258.7', 'quoteVolume': '152764764.2200', 'openTime': '1694197500000', 'closeTime': '1694283919651', 'firstId': '1260513202', 'lastId': '1260746497', 'count': '233293'}"
92,XRP/USDT:USDT,1694283919651,2023-09-09T18:25:19.651Z,0.5062,0.5012,,,,,0.5035,0.5035,0.5029,0.5029,,-0.0006,-0.119,0.5032,303422258.7,152764764.22,"{'symbol': 'XRPUSDT', 'priceChange': '-0.0006', 'priceChangePercent': '-0.119', 'weightedAvgPrice': '0.5035', 'lastPrice': '0.5029', 'lastQty': '10.0', 'openPrice': '0.5035', 'highPrice': '0.5062', 'lowPrice': '0.5012', 'volume': '303422258.7', 'quoteVolume': '152764764.2200', 'openTime': '1694197500000', 'closeTime': '1694283919651', 'firstId': '1260513202', 'lastId': '1260746497', 'count': '233293'}"
93,XRP/USDT:USDT,1694283919651,2023-09-09T18:25:19.651Z,0.5062,0.5012,,,,,0.5035,0.5035,0.5029,0.5029,,-0.0006,-0.119,0.5032,303422258.7,152764764.22,"{'symbol': 'XRPUSDT', 'priceChange': '-0.0006', 'priceChangePercent': '-0.119', 'weightedAvgPrice': '0.5035', 'lastPrice': '0.5029', 'lastQty': '10.0', 'openPrice': '0.5035', 'highPrice': '0.5062', 'lowPrice': '0.5012', 'volume': '303422258.7', 'quoteVolume': '152764764.2200', 'openTime': '1694197500000', 'closeTime': '1694283919651', 'firstId': '1260513202', 'lastId': '1260746497', 'count': '233293'}"
94,XRP/USDT:USDT,1694283926096,2023-09-09T18:25:26.096Z,0.5062,0.5012,,,,,0.5035,0.5035,0.5028,0.5028,,-0.0007,-0.139,0.50315,303422368.3,152764819.33,"{'symbol': 'XRPUSDT', 'priceChange': '-0.0007', 'priceChangePercent': '-0.139', 'weightedAvgPrice': '0.5035', 'lastPrice': '0.5028', 'lastQty': '109.6', 'openPrice': '0.5035', 'highPrice': '0.5062', 'lowPrice': '0.5012', 'volume': '303422368.3', 'quoteVolume': '152764819.3300', 'openTime': '1694197500000', 'closeTime': '1694283926096', 'firstId': '1260513202', 'lastId': '1260746498', 'count': '233294'}"
95,XRP/USDT:USDT,1694283926096,2023-09-09T18:25:26.096Z,0.5062,0.5012,,,,,0.5035,0.5035,0.5028,0.5028,,-0.0007,-0.139,0.50315,303422368.3,152764819.33,"{'symbol': 'XRPUSDT', 'priceChange': '-0.0007', 'priceChangePercent': '-0.139', 'weightedAvgPrice': '0.5035', 'lastPrice': '0.5028', 'lastQty': '109.6', 'openPrice': '0.5035', 'highPrice': '0.5062', 'lowPrice': '0.5012', 'volume': '303422368.3', 'quoteVolume': '152764819.3300', 'openTime': '1694197500000', 'closeTime': '1694283926096', 'firstId': '1260513202', 'lastId': '1260746498', 'count': '233294'}"
96,XRP/USDT:USDT,1694283926096,2023-09-09T18:25:26.096Z,0.5062,0.5012,,,,,0.5035,0.5035,0.5028,0.5028,,-0.0007,-0.139,0.50315,303422368.3,152764819.33,"{'symbol': 'XRPUSDT', 'priceChange': '-0.0007', 'priceChangePercent': '-0.139', 'weightedAvgPrice': '0.5035', 'lastPrice': '0.5028', 'lastQty': '109.6', 'openPrice': '0.5035', 'highPrice': '0.5062', 'lowPrice': '0.5012', 'volume': '303422368.3', 'quoteVolume': '152764819.3300', 'openTime': '1694197500000', 'closeTime': '1694283926096', 'firstId': '1260513202', 'lastId': '1260746498', 'count': '233294'}"
97,XRP/USDT:USDT,1694283928962,2023-09-09T18:25:28.962Z,0.5062,0.5012,,,,,0.5035,0.5035,0.5028,0.5028,,-0.0007,-0.139,0.50315,303422596.7,152764934.17,"{'symbol': 'XRPUSDT', 'priceChange': '-0.0007', 'priceChangePercent': '-0.139', 'weightedAvgPrice': '0.5035', 'lastPrice': '0.5028', 'lastQty': '228.4', 'openPrice': '0.5035', 'highPrice': '0.5062', 'lowPrice': '0.5012', 'volume': '303422596.7', 'quoteVolume': '152764934.1700', 'openTime': '1694197500000', 'closeTime': '1694283928962', 'firstId': '1260513202', 'lastId': '1260746499', 'count': '233295'}"
98,XRP/USDT:USDT,1694283928962,2023-09-09T18:25:28.962Z,0.5062,0.5012,,,,,0.5035,0.5035,0.5028,0.5028,,-0.0007,-0.139,0.50315,303422596.7,152764934.17,"{'symbol': 'XRPUSDT', 'priceChange': '-0.0007', 'priceChangePercent': '-0.139', 'weightedAvgPrice': '0.5035', 'lastPrice': '0.5028', 'lastQty': '228.4', 'openPrice': '0.5035', 'highPrice': '0.5062', 'lowPrice': '0.5012', 'volume': '303422596.7', 'quoteVolume': '152764934.1700', 'openTime': '1694197500000', 'closeTime': '1694283928962', 'firstId': '1260513202', 'lastId': '1260746499', 'count': '233295'}"
99,XRP/USDT:USDT,1694283931022,2023-09-09T18:25:31.022Z,0.5062,0.5012,,,,,0.5035,0.5035,0.5028,0.5028,,-0.0007,-0.139,0.50315,303422628.0,152764949.91,"{'symbol': 'XRPUSDT', 'priceChange': '-0.0007', 'priceChangePercent': '-0.139', 'weightedAvgPrice': '0.5035', 'lastPrice': '0.5028', 'lastQty': '8.6', 'openPrice': '0.5035', 'highPrice': '0.5062', 'lowPrice': '0.5012', 'volume': '303422628.0', 'quoteVolume': '152764949.9100', 'openTime': '1694197500000', 'closeTime': '1694283931022', 'firstId': '1260513202', 'lastId': '1260746501', 'count': '233297'}"
